{"cameraMode":{"drawMode":0,"name":"Shaded","section":"Shading Mode"},"sceneLighting":true,"audioPlay":false,"sceneViewState":{"showFog":true,"showMaterialUpdate":true,"showSkybox":true,"showFlares":true,"showImageEffects":true,"showParticleSystems":true},"in2DMode":false,"pivot":{"x":-379.72833251953127,"y":-67.89727783203125,"z":47.733299255371097},"rotation":{"x":-0.0797499269247055,"y":0.6657698750495911,"z":-0.06933318078517914,"w":-0.7392721772193909},"size":203.28660583496095,"orthographic":false}