{"cameraMode":{"drawMode":0,"name":"Shaded","section":"Shading Mode"},"sceneLighting":false,"audioPlay":false,"sceneViewState":{"showFog":true,"showMaterialUpdate":true,"showSkybox":false,"showFlares":true,"showImageEffects":true,"showParticleSystems":true},"in2DMode":false,"pivot":{"x":1.8683576583862305,"y":-0.04757169634103775,"z":-0.055538881570100787},"rotation":{"x":-0.000749472004827112,"y":-0.7409277558326721,"z":-0.0022817456629127266,"w":0.6721234321594238},"size":0.41231057047843935,"orthographic":false}